{
    "CurrentExperience": 17.319997787475587,
    "CurrentExperienceThreshold": 20.73600196838379,
    "CurrentLevel": 5,
    "CurrentPerks": 1
}