{
    "CurrentExperience": 12.319997787475586,
    "CurrentExperienceThreshold": 20.73600196838379,
    "CurrentLevel": 5,
    "CurrentPerks": 1
}