{
    "CurrentExperience": 0.194854736328125,
    "CurrentExperienceThreshold": 89.16104888916016,
    "CurrentLevel": 13,
    "CurrentPerks": 12
}