{
    "CurrentExperience": 2.840944290161133,
    "CurrentExperienceThreshold": 35.831817626953128,
    "CurrentLevel": 8,
    "CurrentPerks": 7
}