{
    "CurrentExperience": 9.41312026977539,
    "CurrentExperienceThreshold": 61.91739273071289,
    "CurrentLevel": 11,
    "CurrentPerks": 6
}