{
    "CurrentExperience": 29.840944290161134,
    "CurrentExperienceThreshold": 35.831817626953128,
    "CurrentLevel": 8,
    "CurrentPerks": 4
}