{
    "CurrentExperience": 8.495723724365235,
    "CurrentExperienceThreshold": 74.30087280273438,
    "CurrentLevel": 12,
    "CurrentPerks": 11
}